INDNAICS,TOT_EMP,TOT_EMP_se,MED_TOT_INC_NAICS_q50,MED_TOT_INC_NAICS_q50_se,MED_WAGE_INC_NAICS_q50,MED_WAGE_INC_NAICS_q50_se,MED_TOT_INC_q50,MED_WAGE_INC_q50,MFG,MED_INC_DUMMY,MED_WAGE_DUMMY
111,7421,573.8210086777932,28917.995283018867,1187.8475683986226,18970,2258.5206506902446,4e4,36e3,0,0,0
112,2614,314.4211347858156,24144.72340425532,2231.8826888617177,7622,3768.779249244852,4e4,36e3,0,0,0
1133,180,62.621481937111646,17196,3033.098500836377,17196,3033.098500836377,4e4,36e3,0,0,0
113M,1126,188.24279534686048,41728.200000000004,3606.462616637471,37745.28571428572,7525.397467276892,4e4,36e3,0,1,1
114,216,82.6589378107413,23369.235294117643,5664.48509205286,8352.386363636364,5114.658694882692,4e4,36e3,0,0,0
115,1023,176.87537985824935,20718.11111111111,5800.096250925477,20023,3507.1419231727696,4e4,36e3,0,0,0
211,446,91.96113309436764,62073.26315789474,15105.641009207731,62073.26315789474,15105.641009207731,4e4,36e3,0,1,1
2121,360,120.74622147297198,2e4,2707.9759037982985,2e4,8238.134798262452,4e4,36e3,0,0,0
2122,64,32.88920795641026,80512.86956521739,27412.574242147217,80405.13043478261,28532.98469023194,4e4,36e3,0,1,1
2123,1106,174.98785672154511,68505.609375,6249.799834113353,63721.546875,6150.77008831557,4e4,36e3,0,1,1
213,242,75.78192396607518,26313,11604.763912521987,26313,11668.467524031821,4e4,36e3,0,0,0
2211P,12991,697.3135593117346,9e4,3370.7733658095385,85e3,2894.5,4e4,36e3,0,1,1
2212P,4381,415.14232499228507,63947.851851851854,3717.7284381194204,63672.88888888889,3452.030844618279,4e4,36e3,0,1,1
22132,2185,222.8049595498269,70210,4122.752374661435,67826.26666666666,3795.2058085904573,4e4,36e3,0,1,1
2213M,4876,383.18089722740615,60096.307692307695,2296.1723365021717,60049,1817,4e4,36e3,0,1,1
221MP,1075,187.63461834107267,70357.91304347827,13390.341749514975,70357.91304347827,13048.21771246033,4e4,36e3,0,1,1
22S,473,123.5548461210648,62182.57142857143,8662.223988905163,60794.583333333336,9422.418064752716,4e4,36e3,0,1,1
23,229511,3116.7822108706923,44097.258620689645,898.6310979249774,4e4,526.75,4e4,36e3,0,1,1
3113,7314,492.96576960271796,37719.49999999999,2038.9639659448349,35676.28571428572,1992.1216750244066,4e4,36e3,1,0,0
3114,5787,534.7917819114276,36131,3760.4106596855854,35614,3038.75,4e4,36e3,1,0,0
3115,3777,316.874659763131,51585.22619047619,5595.820971640387,50058,5365.417179621556,4e4,36e3,1,1,1
3116,12132,769.6094788917299,27873,1354.124065699726,27e3,1330.1355933745526,4e4,36e3,1,0,0
311811,6503,476.6035039736909,18582,893.75,18021,860.138648965195,4e4,36e3,1,0,0
3118Z,11494,709.0754191198564,28180.05,1710.0186363328303,27939.260869565216,1497.6360849126104,4e4,36e3,1,0,0
311M1,5250,480.65080879990205,52684.8,4934.36503803634,52608.86956521739,5246.95472996959,4e4,36e3,1,1,1
311M2,10099,662.0322499697428,38955.892857142855,3354.380079039134,38070.4375,3223.7915382602496,4e4,36e3,1,0,1
311S,2325,313.18732413684944,31148.722222222223,6444.801724889585,31148.722222222223,6332.398310268569,4e4,36e3,1,0,0
3121,6614,511.32455446614335,53693.10526315789,3822.6538074254368,52613.03333333333,3309.2296113514312,4e4,36e3,1,1,1
3122,292,73.47006193001337,61078.545454545456,19568.965990270455,61078.545454545456,19568.965990270455,4e4,36e3,1,1,1
3131,75,66.396536054225,117e3,0,89e3,0,4e4,36e3,1,1,1
3132Z,1371,223.5541321470037,33105.625,2798.7018942215536,32149.25,2928.201115960477,4e4,36e3,1,0,0
3133,122,61.699270660195005,27637,1507.2605335905373,27637,2436.2605335905373,4e4,36e3,1,0,0
31411,304,115.22586515188333,94069.5,36936.54951255472,92317.5,35912.18847957278,4e4,36e3,1,1,1
314Z,2240,313.48205690278354,23026,1760.112153760756,22275,1752.7174249919026,4e4,36e3,1,0,0
3152,4251,465.74048567845165,28031.21568627451,1675.546914080558,25808,1938.2561384397286,4e4,36e3,1,0,0
3159,200,72.07114540507872,22364.5,42781.65090431788,20104.434782608696,40252.017256535386,4e4,36e3,1,0,0
3162,203,86.91662671779203,16529.305555555555,31273.143600057832,15675.833333333334,31236.81207770994,4e4,36e3,1,0,0
316M,510,148.42674961070864,24209.090909090908,6612.816587492389,20402.448979591838,6382.971903227843,4e4,36e3,1,0,0
31M,227,99.24212815130478,14907.367924528302,6197.23667513888,8431,2244.381346740612,4e4,36e3,1,0,0
3211,831,204.38835583271373,28896.96153846154,8215.038479419924,28896.96153846154,8158.387867412582,4e4,36e3,1,0,0
3212,139,57.0350769263968,27319.583333333336,12140.953263500123,18e3,5627.15937808101,4e4,36e3,1,0,0
32199M,109,47.93015752112651,36527.72413793103,12543.466527907305,36527.72413793103,12543.466527907305,4e4,36e3,1,0,1
3219ZM,4196,438.47793559083453,31029.88235294118,2449.806660253981,29843.764705882353,2479.4742271203777,4e4,36e3,1,0,0
3221,5235,431.1559462653855,36576.961165048546,3030,34106.50000000001,3333.129533599964,4e4,36e3,1,0,0
32221,4772,367.5368688988902,44202.307692307695,2397.00236160641,43097.15384615386,2195.6140440782237,4e4,36e3,1,1,1
3222M,3821,365.56216981520396,35614,2951.703376770194,34178.25,2634.5,4e4,36e3,1,0,0
3231,28935,1084.153563846008,42e3,1250,40047,1093.6732031682404,4e4,36e3,1,1,1
32411,7215,524.4132912121888,83461.75619834711,3170,82977.04545454546,3387.1137391232005,4e4,36e3,1,1,1
3241M,914,162.29895255361325,57201.92156862745,9841.520103086583,57139.882352941175,10025.68419545329,4e4,36e3,1,1,1
3252,8985,668.5511573544691,30969,2244.779159507014,30700.958333333332,2348.614344908654,4e4,36e3,1,0,0
3253,614,117.90335024926136,79223.72727272728,14136.610186254255,73333.33333333333,12797.835216504622,4e4,36e3,1,1,1
3254,24288,934.4604325491797,81148,2388.2448571580244,8e4,1896.25,4e4,36e3,1,1,1
3255,3870,391.7115009799942,43357,3190.21767976879,43357,2520.596414665506,4e4,36e3,1,1,1
3256,5650,400.5460023517898,37e3,4002.1426877091526,35111.63636363637,3822.2554808111818,4e4,36e3,1,0,0
325M,13381,669.9834699453413,61597.12000000001,2680.0326571203605,6e4,2252.2013837763498,4e4,36e3,1,1,1
3261,18869,866.1574337266869,40046.09259259259,1740.2372705855487,39130.34810126582,1596.5,4e4,36e3,1,1,1
32621,722,154.48041947120677,37025.11627906977,4198.78355328887,37025.11627906977,4198.78355328887,4e4,36e3,1,0,1
3262M,1904,225.34595625393416,37939,3990.6844921538004,37834,4033.2201003988666,4e4,36e3,1,0,1
32711,550,158.5988650652961,32345.80769230769,3156.028385010565,31907.923076923078,2887.5094751910838,4e4,36e3,1,0,0
327120,490,106.24852940158749,50006.96,15036.34309902827,50006.96,13244.942643995439,4e4,36e3,1,1,1
3272,3276,371.89897821854794,38956.666666666664,4740.305758207476,38738.666666666664,4704.956456425117,4e4,36e3,1,0,1
3279,2537,308.54221753270656,46851.35294117647,5614.968401264594,42300.25,6853.411391796236,4e4,36e3,1,1,1
327M,3795,385.8429084485032,56777,3563.9724006575416,53375.275862068964,3569.450557014272,4e4,36e3,1,1,1
3313,2802,351.50426739941577,41293,3027.4229798392525,41293,2907.4478717556085,4e4,36e3,1,1,1
3314,2251,284.7115206660946,51622.91791044776,7152.656750109667,51622.91791044776,7171.741665185267,4e4,36e3,1,1,1
3315,3010,323.01354460765265,45229.74999999999,2804.0973324608894,44014.70731707317,3903.7412488217597,4e4,36e3,1,1,1
331M,30007,1039.2591110979013,66140,1953.0724889301837,63232,1517.75,4e4,36e3,1,1,1
3321,2919,319.1612445144304,50058,2881.7002766834376,50058,2943.59243753416,4e4,36e3,1,1,1
3322,2754,355.1634834833108,44838.68421052632,6975.106144006178,44811.78947368421,6711.455295966019,4e4,36e3,1,1,1
3327,10804,618.8981337829352,42592.62857142857,1396.8398476711827,42e3,1181.25,4e4,36e3,1,1,1
3328,4832,386.6310903173722,36102.333333333336,2787.114872993463,32561,1755.1650444497864,4e4,36e3,1,0,0
33299M,408,120.34720603321043,52168.88888888889,14064.138769300273,42379.70370370371,14481.958778676722,4e4,36e3,1,1,1
332M,10982,704.30181740501,43264.5,1856,41293,1883.7148301854377,4e4,36e3,1,1,1
332MZ,15427,928.1154292435829,40047,1649.467133600121,38e3,1480.3126990063884,4e4,36e3,1,1,1
33311,2684,366.6061919826232,46336.03571428572,4882.560820756011,46166.21428571428,5175.19559067095,4e4,36e3,1,1,1
3331M,7726,536.6812368622551,61062.42857142857,4463.091966480315,59552.63999999999,4850.788737029739,4e4,36e3,1,1,1
3333,4480,392.721020573129,50590,2850.715415427474,49093.65573770492,2610.6518617311067,4e4,36e3,1,1,1
3335,8668,569.2296109655576,52912,2756.2240444087947,51464.619047619046,2573.3317012698444,4e4,36e3,1,1,1
3336,2730,331.502111607151,60953.9,6005.032769586072,53217.6,4782.949710954459,4e4,36e3,1,1,1
333MS,25128,794.7457769626714,50877,1278.4116416020934,50058,1396.5441478186713,4e4,36e3,1,1,1
3341,3656,319.60358258317444,74324.04347826088,7003.761040128167,73141.91666666667,6833.318929649922,4e4,36e3,1,1,1
3345,7301,484.7125952561992,64013.4375,3004.1452941997522,63232,3453.0069591492975,4e4,36e3,1,1,1
334M1,11913,608.3904585050624,95497.2,3782.75,93202.20297029703,3392.0100316637363,4e4,36e3,1,1,1
334M2,16921,880.0276700195285,55107.239583333336,2557.503986135651,52694,2939.6222883435476,4e4,36e3,1,1,1
3352,1712,241.39065847708358,46657.142857142855,6421.16786514659,45666.66666666667,6858.902056177083,4e4,36e3,1,1,1
335M,17872,820.2008900263398,44263,1824.9006746902287,42062.26666666666,1591.1999787981476,4e4,36e3,1,1,1
33641M1,3617,379.16849816407483,61773.83720930233,4747.564638223559,6e4,4020.6214562086443,4e4,36e3,1,1,1
33641M2,2615,340.8023620810161,67741.59615384616,5975.3118082560795,65104.03333333334,5996.905296433868,4e4,36e3,1,1,1
3365,2568,288.4196595241039,52578.333333333336,4904.242729364276,51099.846153846156,4433.771959324662,4e4,36e3,1,1,1
3366,523,176.27705466112147,40177.071428571435,12871.674511699159,36670.84210526316,12776.19737884706,4e4,36e3,1,1,1
3369,522,130.15740470676266,41808.333333333336,12833.387199550265,35933,13310.492060455756,4e4,36e3,1,1,0
336M,31729,1034.022606135862,45720.05357142857,2285.2488183111036,45e3,2299.5728012024283,4e4,36e3,1,1,1
337,11890,787.5213012992093,30969,1718.833419232019,30526,1538.993050575239,4e4,36e3,1,0,0
3391,20211,872.832372222754,52694,1712.582694380997,50583.916666666664,1773.1672421564908,4e4,36e3,1,1,1
3399M,3459,373.6541181360109,45217.825,6243.513598984106,42784.292682926825,5783.4587634229265,4e4,36e3,1,1,1
3399ZM,23817,1063.060769664651,37570.84375,1240,35614,1526.25,4e4,36e3,1,0,0
33MS,1774,275.59744193297587,30012.115384615383,3179.4811363414656,30012.115384615383,3179.4811363414656,4e4,36e3,1,0,0
3MS,29932,1364.3481227311452,28e3,1056.75,27414.39534883721,1176.75,4e4,36e3,1,0,0
4231,6942,464.6495453564977,38469.77358490566,2502.14972712123,35064.294117647056,2420.7202184719026,4e4,36e3,0,0,0
4232,3200,327.0669656201922,36886,4493.7849319024335,36056.51724137931,4884.403443668058,4e4,36e3,0,0,1
4233,3829,388.49697553520286,47339.85344827586,3703.6981970823254,45230.3064516129,3704.542584137256,4e4,36e3,0,1,1
4234,15719,826.5910113230121,58790.3,3253.75,55e3,2517.6862462013287,4e4,36e3,0,1,1
4235,3641,304.7983759799255,55542.36842105263,3781.081194400578,54935.325,3870.4291426453674,4e4,36e3,0,1,1
4236,10018,724.5542422758975,54374.666666666664,3342.421155781565,52328.69565217391,3565.127477842434,4e4,36e3,0,1,1
4237,6130,447.1451665846339,51563.78124999999,3693.144839741204,50058,3458.4625804455154,4e4,36e3,0,1,1
4238,15840,709.8798137713172,57909.37113402062,1835.8118284433403,53700.148148148146,1970.4458878567293,4e4,36e3,0,1,1
42393,4415,318.1806876603293,30033.189655172413,3052.75,25510.9375,3343.2552922714185,4e4,36e3,0,0,0
4239Z,4114,333.6276367449196,42286.36363636363,4431.6896218929105,38044,4385.602264592211,4e4,36e3,0,1,1
4241,3940,348.6515452425244,52783.76470588236,4222.855998761677,50549.4,4622.057130759615,4e4,36e3,0,1,1
4243,2103,276.4539744695308,33120.89705882353,5538.270897895461,32e3,5435.385835835164,4e4,36e3,0,0,0
4244,29390,955.5603329983932,40047,1364.8691963860692,4e4,1290.5,4e4,36e3,0,1,1
4245,915,164.11733607392,41282,5373.853411179919,41170,4291.704795815348,4e4,36e3,0,1,1
4247,1810,255.44255714347992,68122.71428571429,10303.807967678878,63232,8881.415826882314,4e4,36e3,0,1,1
4248,4417,390.40062756097103,60362.8846153846,3306.0215789899667,58124.0625,3308,4e4,36e3,0,1,1
42491,1080,189.46028607600064,40185.444444444445,8193.972192700481,31232.38028169014,5720.135881527713,4e4,36e3,0,1,0
4249Z,8490,473.7075046903944,39118.086956521736,2987.093483227456,36e3,2133.639497272431,4e4,36e3,0,0,0
424M,9702,664.1410241808588,70081,5333.5,70014.29411764706,5350.75,4e4,36e3,0,1,1
4251,4066,312.13410579428836,51e3,4223.7077072882985,43357,3487.115848411733,4e4,36e3,0,1,1
42S,4291,460.285237651611,35669.25,2522.2736106928332,34487.52777777778,3538.818671149036,4e4,36e3,0,0,0
4411,32239,1168.899803233793,39096.759259259255,1405.3513405304657,36569.799999999996,1751.3301190866805,4e4,36e3,0,0,1
4412,2277,322.09043761030847,43966.5625,5577.539578204189,36131,6608.808400446685,4e4,36e3,0,1,1
4413,9726,569.074775403022,30599.151515151516,698.9745369234424,25808,976.2649114975166,4e4,36e3,0,0,0
442,17145,878.0768759055212,33029.75,1482.3078673115706,30035,1942.75,4e4,36e3,0,0,0
443141,1753,264.135949844015,31119.70588235294,2081.7954353895493,27936.5,2168.573012296133,4e4,36e3,0,0,0
443142,21640,1042.4488476659178,38049.620253164554,1765.8798682856504,35832,2257.75,4e4,36e3,0,0,0
44413,6295,474.85355637290957,27728.571428571435,2099.5939844541135,23672.275000000005,2133.7440823050083,4e4,36e3,0,0,0
4441Z,26309,1057.6479329152967,27993.48936170213,1140.5,25438,968.25,4e4,36e3,0,0,0
4442,3564,333.5993105508463,34117.38888888889,3800.3515732485102,29508,3606.082659623522,4e4,36e3,0,0,0
4451,79489,1769.023021331266,18200,610.2767954929805,16018,434.25,4e4,36e3,0,0,0
4452,6431,486.94245039840183,20023,2138.792525789905,17936.4,2104.164809689041,4e4,36e3,0,0,0
4453,4947,533.0807162147211,24023.682242990653,2360.830107065659,22687.457446808512,2710.752655641354,4e4,36e3,0,0,0
44611,36099,874.5317032560913,31e3,1328.5510532957287,30035,1279.6740635101423,4e4,36e3,0,0,0
446Z,12620,786.9769374003282,30526,1727.1890538395637,28455,1637,4e4,36e3,0,0,0
447,12094,794.0580583307495,18509.333333333336,976.6924549950236,17777.636363636368,1068.0369069365897,4e4,36e3,0,0,0
4481,34159,1213.381597025437,15196.605263157893,879.25,13e3,854.9882836117058,4e4,36e3,0,0,0
44821,6463,555.7775634190355,10839.124999999998,1759.624536977351,10060.382352941177,1820.3261112479863,4e4,36e3,0,0,0
4483,6518,521.6161423882509,29316.5,1447.9601719184593,24892.137931034482,1075.0505064484305,4e4,36e3,0,0,0
45113,1724,227.7265904544307,23588.916666666668,3494.85791153477,11563.550000000001,3307.0850620155593,4e4,36e3,0,0,0
45114,1179,213.86187130949733,23751.492424242424,3377.2711117999925,23093.402173913044,3135.609142232006,4e4,36e3,0,0,0
4511M,11898,570.7361912477603,19018.30769230769,1285.5401106621016,15263,1069.629936783219,4e4,36e3,0,0,0
45121,3924,367.49993197278286,22242.5625,2132.684611273129,20548.5,1961.233283131006,4e4,36e3,0,0,0
45211,67603,1595.4893293281532,18521,462.1944753986618,16517.083333333332,473.6907912221859,4e4,36e3,0,0,0
4529,12808,727.2171615136706,20860.81818181818,1498.8443777866569,20351,1171,4e4,36e3,0,0,0
4531,2996,355.83584698565716,22756.14285714286,1864.7180238086676,16456.727272727272,2167.578490512319,4e4,36e3,0,0,0
45321,6911,478.227090407894,41552.23333333334,2364.0439285264274,39094.752252252256,3132.0511305761984,4e4,36e3,0,1,1
45322,4668,430.71545131327713,17528.614457831325,2065.6973532168904,12388,2126.7495676771227,4e4,36e3,0,0,0
4533,6060,503.782542373195,15772,1134.8667071767973,14e3,1100.6356475438188,4e4,36e3,0,0,0
4539,12820,640.4271230983272,22e3,1156.708936301452,18582,1158.069655301289,4e4,36e3,0,0,0
454111,5682,414.93017484873286,44273.09090909091,3877.422279977607,40555.444444444445,4264.640554311181,4e4,36e3,0,1,1
454112,375,102.32228496275873,13398.934782608696,5555.416367060201,204.0833333333335,3228.9302974574184,4e4,36e3,0,0,0
454113,4209,375.2347265379365,43109.260869565216,2836.182984254765,42060.346153846156,3501.1357211215272,4e4,36e3,0,1,1
4542,1552,274.2431402970729,40097.5625,4957.940621904654,35e3,6400.190499169951,4e4,36e3,0,1,0
454310,1049,216.46061997508923,48145.22222222222,7103.8517309193785,48145.22222222222,7353.576545914339,4e4,36e3,0,1,1
45439,4784,369.00115175972013,25569.25,2670.9132264992622,19919.886792452828,4255.641330410361,4e4,36e3,0,0,0
481,26840,1096.0547887765465,5e4,1091.4546992732357,49956.61538461538,1159.6782523438178,4e4,36e3,0,1,1
482,15866,857.1732321998862,62e3,1300.25,60069,1558,4e4,36e3,0,1,1
483,906,157.0600203743779,42077.869565217385,6151.775202807155,42077.869565217385,6099.664091696046,4e4,36e3,0,1,1
484,64045,1942.9744980313046,42155,1043.7771162091558,40701,323.25,4e4,36e3,0,1,1
4853,13832,803.4560037736976,25341.333333333332,848.803985859251,2e4,1514.1176572245163,4e4,36e3,0,0,0
485M,24570,961.7045024330499,35961.82352941176,2011.1499562081453,30969,1678.7272169211528,4e4,36e3,0,0,0
486,910,191.25035947678634,85511.66666666667,8727.0837988014,82585,7135.792809296034,4e4,36e3,0,1,1
487,770,139.91568889870786,38368.769230769234,12593.97442815039,2e4,9065.410052854897,4e4,36e3,0,0,0
488,32363,1179.9333455750796,41101,1487.810789417652,40047,1194.956904231085,4e4,36e3,0,1,1
491,22856,834.7691597082394,55692.07692307692,500.5300897774705,54801,374.27270059754665,4e4,36e3,0,1,1
492,26820,1170.7017340040118,31602.909090909092,1260,3e4,1429.6368543506123,4e4,36e3,0,0,0
493,15294,821.2402815254499,29744.53846153846,890.5,28905,1008.75,4e4,36e3,0,0,0
4MS,18713,979.7055169794646,26623.320000000007,2409.11283543435,23810.819444444445,2503,4e4,36e3,0,0,0
51111,7939,487.72620393003285,34517.117647058825,2137.095031669488,32079.25806451613,2242.6517187943555,4e4,36e3,0,0,0
5111Z,12304,677.1884892701588,52648,2791.674740564038,49843.41176470588,2383.601004542299,4e4,36e3,0,1,1
5112,2565,303.68956188845215,90008.44827586207,10132.68527676988,9e4,10144.253527906396,4e4,36e3,0,1,1
5121,9816,612.2774697798377,28866.58333333335,3936.1143138767657,20483.241379310344,3235.7538282519163,4e4,36e3,0,0,0
5122,864,159.33282775373064,34260,6711.350374556047,22558.11111111111,6828.328785601999,4e4,36e3,0,0,0
515,15247,737.7148500606451,50583,2220.2126740043313,48055,1913.8296478537268,4e4,36e3,0,1,1
5171,18863,937.3643368509387,68502,1815.5,67929.75,1996.393931141998,4e4,36e3,0,1,1
517Z,11678,646.739244208978,69556,2851.4576676504967,68991.55932203389,2136.093329733052,4e4,36e3,0,1,1
5182,4153,349.865759970878,60069,4450.472090002466,59069.00000000001,4298.128343356435,4e4,36e3,0,1,1
51912,12287,546.4643172248303,23823.312500000007,2221.7806020423623,19097.083333333332,1390.3467199329734,4e4,36e3,0,0,0
51913,2688,255.5725924272789,52917.5,6217.540878935253,52770.59459459459,6088.276486872723,4e4,36e3,0,1,1
5191ZM,1346,177.40053551215678,59573.07692307692,13856.588399054956,53473.916666666664,13375.217510786813,4e4,36e3,0,1,1
5221M,4516,388.45321468614463,41216.2,2636.5923897163466,40701,2290.03477573455,4e4,36e3,0,1,1
522M,27838,967.0364005558425,6e4,2063.4930937731788,56944.60869565217,2219.5,4e4,36e3,0,1,1
524,92876,1611.0363279578771,60907,967.9536354745123,56909,1250,4e4,36e3,0,1,1
52M1,78442,1772.1688266076683,51640,1032.5,50877,895.5,4e4,36e3,0,1,1
52M2,59147,1518.6958879249,89579,2149.5,81403,1721.5,4e4,36e3,0,1,1
531,70913,1563.7821459525621,47e3,1120,40046,778.7521557417531,4e4,36e3,0,1,1
5321,4457,352.55744212822964,37225.54054054054,2191.3355908202366,33340.12676056338,2809.5404478363616,4e4,36e3,0,0,0
53223,998,197.84274057948147,23250.22580645161,6824.820830845837,20351,7023.907789823041,4e4,36e3,0,0,0
532M,2213,263.84995736213415,4e4,4147.658467699137,35e3,4021.2952919366826,4e4,36e3,0,0,0
53M,3141,294.1384877910404,61052,5689.311048591802,59947.08,3638.2076184380385,4e4,36e3,0,1,1
5411,67397,1358.5565317645048,69165,1315.050595434568,6e4,1263,4e4,36e3,0,1,1
5412,38529,1200.441564591963,58175.294117647056,1026.25,50058.71296296296,1886.5,4e4,36e3,0,1,1
5413,40626,1026.6557358725465,68502,1556.75,64049.65217391304,1663.588186957957,4e4,36e3,0,1,1
5414,14104,683.9507292195835,45367.857142857145,1824.75,35040,2437.4378134427334,4e4,36e3,0,1,0
5415,64777,1464.3182031238975,79041,1600.75,75086,1695.593944581411,4e4,36e3,0,1,1
5416,78052,1666.8851940070738,71227,1542.1900234886161,62e3,1265.9721495038484,4e4,36e3,0,1,1
5417,15563,607.9891446399351,74061.04545454546,3341,69181.09615384616,3270.471826529534,4e4,36e3,0,1,1
5418,29335,1123.6327691910735,59023.71052631579,1445.9153701942687,54820.90000000001,2002.25,4e4,36e3,0,1,1
54194,8019,546.2783631080404,26088.77551020408,1484.6395377660683,25e3,1595.0019570106579,4e4,36e3,0,0,0
5419Z,18325,829.6172611511889,45679.88888888889,2396,38038.5,1544.5159464645403,4e4,36e3,0,1,1
55,6055,422.96246878417,81808,4597.91117548012,77424,5271.114340898406,4e4,36e3,0,1,1
5613,43259,1546.122844407908,22386,912.25,20351,761.8089860409582,4e4,36e3,0,0,0
5614,22148,1152.264119028272,31616,1211.8537672400162,26938,1258.75,4e4,36e3,0,0,0
5615,9113,554.4122563580282,45e3,2042.0219759386473,40701,2322.4579186302253,4e4,36e3,0,1,1
5616,25795,963.511131227865,28e3,1311.9900500474978,24781.3,641.1843071878247,4e4,36e3,0,0,0
56173,33402,1281.3244710064662,22025,689.25,18970,681.4230065261854,4e4,36e3,0,0,0
5617Z,44577,1364.926719644685,20646,264.7752038889448,18958.476190476194,505.75,4e4,36e3,0,0,0
561M,14398,763.0536023111351,4e4,1780.5,38e3,1944.8499779837166,4e4,36e3,0,0,1
562,13361,830.7823120408859,5e4,2468.732530064437,47450.25,2634.75,4e4,36e3,0,1,1
6111,271438,3077.094010588562,45789,363.5,43e3,436.18967421461275,4e4,36e3,0,1,1
611M1,121450,1940.364282808772,40701,556.0009587426957,37043,695.5368778402335,4e4,36e3,0,1,1
611M2,4564,390.60465947041644,39485.333333333336,3295.5339313364275,37741.36842105263,3383.8330023664384,4e4,36e3,0,0,1
611M3,23766,835.272769818339,27031,1185.5,18970,1453.5,4e4,36e3,0,0,0
6211,43811,1138.9335362522258,42e3,1596.5172660325934,36131,864.4267755446654,4e4,36e3,0,1,1
6212,26723,1013.6857007968496,36631,1081.1943922324554,31504.714285714286,923.4300575390334,4e4,36e3,0,0,0
62131,5176,477.46319229863155,28332.568965517243,1585.160238273349,25293,2462.2897333114233,4e4,36e3,0,0,0
62132,2995,338.7868061185382,29571.897058823528,3077.2818224707535,24855.0625,2565.16111612016,4e4,36e3,0,0,0
6213ZM,10155,575.1929676204326,49569.171875,2998.25,28985.214285714286,1737.8274706316752,4e4,36e3,0,1,0
6214,35164,960.2059154160632,40701,1135.2061363611956,37163,1240,4e4,36e3,0,1,1
6216,32453,935.3387888888176,23400.958333333332,1023.4496224403083,2e4,686.3664803308948,4e4,36e3,0,0,0
621M,40604,1413.2915304352462,40701,953.3561373678021,38993,1142.4208782058886,4e4,36e3,0,1,1
622,208885,2810.0605064660085,50058,207.23987967675384,49551,500,4e4,36e3,0,1,1
6231,52805,1402.0715744925435,27473,774.25,25811.2,711,4e4,36e3,0,0,0
623M,21629,959.8666313608365,26011.8125,976.900034075461,25e3,903.5,4e4,36e3,0,0,0
6241,45051,1254.805821631379,30035,619.5,27060.75,890.5,4e4,36e3,0,0,0
6242,2982,328.340752877251,32037,3139.8183315370143,30969,3173.9396137523254,4e4,36e3,0,0,0
6243,6031,535.4897758127601,25e3,1709.5040345462257,21093.6935483871,1878.258926502307,4e4,36e3,0,0,0
6244,46486,1234.664347100053,18996.81818181818,564.6738206297478,13420,712.5585654603415,4e4,36e3,0,0,0
711,25270,1028.9652083525468,30516,1497.76504262636,15151.14736842105,1947.5,4e4,36e3,0,0,0
712,21485,921.2454613185348,23004.397058823528,1499,20351,1464.736294131414,4e4,36e3,0,0,0
71395,1558,235.94628626024186,18241.317073170732,2751.462702530753,10323,3246.802052887424,4e4,36e3,0,0,0
713Z,57356,1591.1891150960028,20993.6511627907,590.75,17085.210526315786,1008.3747070622239,4e4,36e3,0,0,0
7211,38397,1420.9109578013677,29e3,827.4010509012578,27788.56578947368,865.7283719853904,4e4,36e3,0,0,0
721M,1485,215.8769325333302,10012,1888.3544333138134,9617.574999999997,1472.9117350857196,4e4,36e3,0,0,0
7224,8833,676.2166442790358,18582,1728.6429123573862,15808,1904.1067998891358,4e4,36e3,0,0,0
722Z,277448,3662.3833291997166,15618,184.25,15e3,141.25,4e4,36e3,0,0,0
811192,4562,433.0668539613717,17138.125,1651.8266937622275,15176,2387.3812774140506,4e4,36e3,0,0,0
8111Z,32236,1135.6591257943558,30969,1039.8298820329483,27473,1046.3318518716906,4e4,36e3,0,0,0
8112,5208,437.9809356581631,40030.61538461538,3522.0203216022073,37939,2999.1553596837557,4e4,36e3,0,1,1
8113,6197,568.1881290558612,38893.16470588235,3241.611849649341,33034,2977.976895082961,4e4,36e3,0,0,0
8114,4370,410.17673020296996,28745.45070422535,1770.8888962587225,21034.384615384613,3411.1259953305803,4e4,36e3,0,0,0
812111,2965,376.24951827211686,22048.928571428572,2483.418990808799,4579,3212.4626996383736,4e4,36e3,0,0,0
812112,32142,1033.1610232679125,20015.681818181816,451.6024713878651,15e3,820.1389803670654,4e4,36e3,0,0,0
8121M,10588,619.5673893935993,16e3,1515.1239335472965,10782.315789473683,526.6798747090106,4e4,36e3,0,0,0
8122,3063,340.36553879615957,49828.5,2686.7408218151904,37151.90243902439,4060.5199754761416,4e4,36e3,0,1,1
8123,10678,652.998430319706,22500,1007,19892.052631578947,1153.4849805670292,4e4,36e3,0,0,0
8129,12416,591.067297352848,22749.545454545456,1330.75,18021,1482.676729312937,4e4,36e3,0,0,0
8131,30771,969.3687894707566,31616,989.2703967317702,25808,1205.6825288964137,4e4,36e3,0,0,0
81393,3592,421.9651051923607,61116.294117647056,6650.363180991801,57950.25,6013.248645376896,4e4,36e3,0,1,1
8139Z,9029,509.4742387991762,60070.9,2964.4777288449095,59017,2598.108341285857,4e4,36e3,0,1,1
813M,22657,796.3678170292922,38044,1188.4561437579669,35614,1153.7439138980371,4e4,36e3,0,0,0
814,22854,1019.4524020276768,15017,516.0503593174917,286.4166666666683,516.25,4e4,36e3,0,0,0
92113,5717,495.33387729893866,68502,3454.7384222852925,66140,2852.38786806232,4e4,36e3,0,1,1
92119,3351,380.55584347109954,61515.62499999999,6015.389508819415,55053.21428571428,5788.643346952787,4e4,36e3,0,1,1
9211MP,26217,939.3635611412654,52694,1389.153371690305,50058,1509.481697582276,4e4,36e3,0,1,1
923,19137,809.5755060524003,50058,1608.4785099640394,48697.19230769231,1264.5,4e4,36e3,0,1,1
928110P1,1198,283.6564823867066,55637,11536.833420482559,55637,11566.74316860748,4e4,36e3,0,1,1
928110P2,356,158.15198386362405,71023.52,23423.92203794019,71023.52,23081.254305873143,4e4,36e3,0,1,1
928110P3,10127,596.3496457616119,18937.5,904.134569586191,18582,946.1942808028507,4e4,36e3,0,0,0
928110P4,398,129.45926000097484,35e3,14776.34471887767,35e3,14776.34471887767,4e4,36e3,0,0,0
928110P5,129,83.57362023988192,21944.65,2340.943630993668,21944.65,2340.943630993668,4e4,36e3,0,0,0
928110P6,681,222.95728290414738,18970,6495.282437322747,18970,6646.695398538006,4e4,36e3,0,0,0
928110P7,45,38.28576759058123,63232,0,63232,0,4e4,36e3,0,1,1
928P,10367,701.8538665562796,50591.16666666667,2605.769794719401,46838.97368421053,1867.5614589610705,4e4,36e3,0,1,1
92M1,3251,312.00368587566396,73008,5596.0396795001125,72117.75000000001,5980.60317507676,4e4,36e3,0,1,1
92M2,7679,525.4001808145864,66237.56521739131,2226.2392753553268,64069.126582278484,2500,4e4,36e3,0,1,1
92MP,75546,1820.1715853182634,72e3,922.5,7e4,1031.5,4e4,36e3,0,1,1
